<?xml version="1.0" encoding="UTF-8"?>
<beans xmlns="http://www.springframework.org/schema/beans"
	xmlns:xsi="http://www.w3.org/2001/XMLSchema-instance" 
	xmlns:context="http://www.springframework.org/schema/context"
	xmlns:mvc="http://www.springframework.org/schema/mvc"
	xsi:schemaLocation="
		http://www.springframework.org/schema/beans
    	http://www.springframework.org/schema/beans/spring-beans.xsd
    	http://www.springframework.org/schema/context
    	http://www.springframework.org/schema/context/spring-context.xsd
    	http://www.springframework.org/schema/mvc
        http://www.springframework.org/schema/mvc/spring-mvc.xsd">

	<!-- Step 3: Add support for component scanning -->
	<context:component-scan base-package="com.mindtree" />

    <bean
		class="org.springframework.web.servlet.view.InternalResourceViewResolver">
		<property name="prefix" value="/WEB-INF/faces/" />
		<property name="suffix" value=".jsp" />
	</bean>
    
    <!-- Static contents lookup -->
    <mvc:resources mapping="/faces/**" location="/faces/" />
    <mvc:resources mapping="/resources/**" location="/resources/"/>
    
    <!-- Needed for file upload -->
    <bean id="multipartResolver" class="org.springframework.web.multipart.commons.CommonsMultipartResolver">

    <!-- setting maximum upload size -->
	<property name="maxUploadSize" value="10000000" />
	</bean>
    
	<!-- Step 4: Add support for conversion, formatting and validation support -->
	<mvc:annotation-driven/>
	
	

	<!-- Step 5: Define Spring MVC view resolver -->
	
</beans>





