{"quoted_status":{"in_reply_to_status_id_str":null,"in_reply_to_status_id":null,"coordinates":null,"created_at":"Sat Dec 03 09:01:02 +0000 2016","truncated":false,"in_reply_to_user_id_str":null,"source":"<a href=\"http://twitter.com\" rel=\"nofollow\">Twitter Web Client<\/a>","retweet_count":374,"retweeted":false,"geo":null,"filter_level":"low","in_reply_to_screen_name":null,"is_quote_status":false,"entities":{"urls":[],"hashtags":[],"user_mentions":[],"symbols":[]},"id_str":"804973707739348992","in_reply_to_user_id":null,"favorite_count":767,"id":804973707739348992,"text":"If Modi Is Responsible For Death Of Ppl In Bank Queue,\nWho's Responsible For 6 Lakh Deaths Due To Indo-Pak Division In 1947,Gandhi or Nehru?","place":null,"contributors":null,"lang":"en","user":{"utc_offset":null,"friends_count":158944,"profile_image_url_https":"https://pbs.twimg.com/profile_images/804215885175078912/3q6H25xN_normal.jpg","listed_count":355,"profile_background_image_url":"http://abs.twimg.com/images/themes/theme1/bg.png","default_profile_image":false,"favourites_count":0,"description":"🇮🇳 Doing my best to be a positive force in other's lives.  Subscribe to the channel  🎤 https://www.youtube.com/channel/UCqrMR1VCyaN4kT_QcXG1c7g","created_at":"Tue Jan 06 11:15:02 +0000 2015","is_translator":false,"profile_background_image_url_https":"https://abs.twimg.com/images/themes/theme1/bg.png","protected":false,"screen_name":"varshasinghmcx","id_str":"2963884203","profile_link_color":"1DA1F2","id":2963884203,"geo_enabled":false,"profile_background_color":"C0DEED","lang":"en","profile_sidebar_border_color":"C0DEED","profile_text_color":"333333","verified":false,"profile_image_url":"http://pbs.twimg.com/profile_images/804215885175078912/3q6H25xN_normal.jpg","time_zone":null,"url":"https://www.youtube.com/channel/UCqrMR1VCyaN4kT_QcXG1c7g","contributors_enabled":false,"profile_background_tile":false,"profile_banner_url":"https://pbs.twimg.com/profile_banners/2963884203/1480575034","statuses_count":47663,"follow_request_sent":null,"followers_count":268760,"profile_use_background_image":true,"default_profile":true,"following":null,"name":"Varsha Singh","location":"Rajasthan","profile_sidebar_fill_color":"DDEEF6","notifications":null},"favorited":false},"in_reply_to_status_id_str":null,"in_reply_to_status_id":null,"created_at":"Tue Mar 07 13:43:06 +0000 2017","in_reply_to_user_id_str":null,"source":"<a href=\"http://twitter.com/download/iphone\" rel=\"nofollow\">Twitter for iPhone<\/a>","quoted_status_id":804973707739348992,"retweet_count":0,"retweeted":false,"geo":null,"filter_level":"low","in_reply_to_screen_name":null,"is_quote_status":true,"id_str":"839109154144866304","in_reply_to_user_id":null,"favorite_count":0,"id":839109154144866304,"text":"Nehru &amp; Nehru dynasty https://t.co/29W4bBRRPq","place":null,"lang":"cs","favorited":false,"possibly_sensitive":false,"coordinates":null,"truncated":false,"timestamp_ms":"1488894186899","entities":{"urls":[{"display_url":"twitter.com/varshasinghmcx\u2026","indices":[26,49],"expanded_url":"https://twitter.com/varshasinghmcx/status/804973707739348992","url":"https://t.co/29W4bBRRPq"}],"hashtags":[],"user_mentions":[],"symbols":[]},"display_text_range":[0,25],"quoted_status_id_str":"804973707739348992","contributors":null,"user":{"utc_offset":19800,"friends_count":2813,"profile_image_url_https":"https://pbs.twimg.com/profile_images/835804247140651008/E-oVEGh-_normal.jpg","listed_count":132,"profile_background_image_url":"http://pbs.twimg.com/profile_background_images/887987257/733ec47154fba5f21184d6c4caae8720.jpeg","default_profile_image":false,"favourites_count":11479,"description":"Narendra Modi is an incorruptible leader governing India to bring back probity in public life. Alumni IIT XLRI & Stanford Working on Sustainable Development","created_at":"Sat Oct 24 11:23:33 +0000 2009","is_translator":false,"profile_background_image_url_https":"https://pbs.twimg.com/profile_background_images/887987257/733ec47154fba5f21184d6c4caae8720.jpeg","protected":false,"screen_name":"DelhiMuse","id_str":"84823872","profile_link_color":"0084B4","id":84823872,"geo_enabled":true,"profile_background_color":"C6E2EE","lang":"en","profile_sidebar_border_color":"FFFFFF","profile_text_color":"333333","verified":false,"profile_image_url":"http://pbs.twimg.com/profile_images/835804247140651008/E-oVEGh-_normal.jpg","time_zone":"Asia/Calcutta","url":null,"contributors_enabled":false,"profile_background_tile":true,"profile_banner_url":"https://pbs.twimg.com/profile_banners/84823872/1459920956","statuses_count":78454,"follow_request_sent":null,"followers_count":4760,"profile_use_background_image":true,"default_profile":false,"following":null,"name":"DelhiMuse","location":"DELHI","profile_sidebar_fill_color":"DDEEF6","notifications":null}}
{"in_reply_to_status_id_str":null,"in_reply_to_status_id":null,"created_at":"Tue Mar 07 13:43:07 +0000 2017","in_reply_to_user_id_str":null,"source":"<a href=\"http://twitter.com/download/android\" rel=\"nofollow\">Twitter for Android<\/a>","retweeted_status":{"in_reply_to_status_id_str":null,"in_reply_to_status_id":null,"created_at":"Tue Mar 07 12:00:02 +0000 2017","in_reply_to_user_id_str":null,"source":"<a href=\"https://about.twitter.com/products/tweetdeck\" rel=\"nofollow\">TweetDeck<\/a>","retweet_count":35,"retweeted":false,"geo":null,"filter_level":"low","in_reply_to_screen_name":null,"is_quote_status":false,"id_str":"839083213645475841","in_reply_to_user_id":null,"favorite_count":126,"id":839083213645475841,"text":"आध्यात्म भारत की ताकत है, इसे धर्म से जोड़ना गलत : PM मोदी\nhttps://t.co/0WvdOMWKup","place":null,"lang":"hi","favorited":false,"possibly_sensitive":false,"coordinates":null,"truncated":false,"entities":{"urls":[{"display_url":"zeenews.india.com/hindi/india/it\u2026","indices":[59,82],"expanded_url":"http://zeenews.india.com/hindi/india/it-is-unfortunate-that-some-people-link-adhyatma-with-religion-they-are-very-different-pm-modi/320587","url":"https://t.co/0WvdOMWKup"}],"hashtags":[],"user_mentions":[],"symbols":[]},"contributors":null,"user":{"utc_offset":19800,"friends_count":90,"profile_image_url_https":"https://pbs.twimg.com/profile_images/816568690602708992/2wGnRBVd_normal.jpg","listed_count":725,"profile_background_image_url":"http://pbs.twimg.com/profile_background_images/462180742563254274/qThHTuKu.jpeg","default_profile_image":false,"favourites_count":1,"description":"ज़ी न्\u200dयूज हिंदी भाषाभाषी पाठकों के लिए पेश करता है बेहद सटीक, ताजा एवं विश्\u200dवसनीय खबरें। For English @Zeenews","created_at":"Thu Jan 12 07:52:31 +0000 2012","is_translator":false,"profile_background_image_url_https":"https://pbs.twimg.com/profile_background_images/462180742563254274/qThHTuKu.jpeg","protected":false,"screen_name":"ZeeNewsHindi","id_str":"461841349","profile_link_color":"000000","id":461841349,"geo_enabled":false,"profile_background_color":"FFFFFF","lang":"en","profile_sidebar_border_color":"FFFFFF","profile_text_color":"333333","verified":true,"profile_image_url":"http://pbs.twimg.com/profile_images/816568690602708992/2wGnRBVd_normal.jpg","time_zone":"New Delhi","url":"http://www.zeehindi.com","contributors_enabled":false,"profile_background_tile":false,"profile_banner_url":"https://pbs.twimg.com/profile_banners/461841349/1488294188","statuses_count":93882,"follow_request_sent":null,"followers_count":727700,"profile_use_background_image":true,"default_profile":false,"following":null,"name":"Zee News Hindi","location":"India","profile_sidebar_fill_color":"DDEEF6","notifications":null}},"retweet_count":0,"retweeted":false,"geo":null,"filter_level":"low","in_reply_to_screen_name":null,"is_quote_status":false,"id_str":"839109156799938563","in_reply_to_user_id":null,"favorite_count":0,"id":839109156799938563,"text":"RT @ZeeNewsHindi: आध्यात्म भारत की ताकत है, इसे धर्म से जोड़ना गलत : PM मोदी\nhttps://t.co/0WvdOMWKup","place":null,"lang":"hi","favorited":false,"possibly_sensitive":false,"coordinates":null,"truncated":false,"timestamp_ms":"1488894187532","entities":{"urls":[{"display_url":"zeenews.india.com/hindi/india/it\u2026","indices":[77,100],"expanded_url":"http://zeenews.india.com/hindi/india/it-is-unfortunate-that-some-people-link-adhyatma-with-religion-they-are-very-different-pm-modi/320587","url":"https://t.co/0WvdOMWKup"}],"hashtags":[],"user_mentions":[{"indices":[3,16],"screen_name":"ZeeNewsHindi","id_str":"461841349","name":"Zee News Hindi","id":461841349}],"symbols":[]},"contributors":null,"user":{"utc_offset":null,"friends_count":85,"profile_image_url_https":"https://pbs.twimg.com/profile_images/825676296952877056/ecM_rf8X_normal.jpg","listed_count":3,"profile_background_image_url":"","default_profile_image":false,"favourites_count":6361,"description":"ABVP","created_at":"Tue Feb 23 10:24:51 +0000 2016","is_translator":false,"profile_background_image_url_https":"","protected":false,"screen_name":"DrRahulSahu1","id_str":"702076646786879488","profile_link_color":"1DA1F2","id":702076646786879488,"geo_enabled":true,"profile_background_color":"F5F8FA","lang":"en","profile_sidebar_border_color":"C0DEED","profile_text_color":"333333","verified":false,"profile_image_url":"http://pbs.twimg.com/profile_images/825676296952877056/ecM_rf8X_normal.jpg","time_zone":null,"url":null,"contributors_enabled":false,"profile_background_tile":false,"profile_banner_url":"https://pbs.twimg.com/profile_banners/702076646786879488/1476698412","statuses_count":2355,"follow_request_sent":null,"followers_count":170,"profile_use_background_image":true,"default_profile":true,"following":null,"name":"Dr.  Rahul Sahu","location":"Garhakota, India","profile_sidebar_fill_color":"DDEEF6","notifications":null}}
{"quoted_status":{"in_reply_to_status_id_str":"839100285389713408","in_reply_to_status_id":839100285389713408,"created_at":"Tue Mar 07 13:26:17 +0000 2017","in_reply_to_user_id_str":"1896793645","source":"<a href=\"http://twitter.com\" rel=\"nofollow\">Twitter Web Client<\/a>","retweet_count":0,"retweeted":false,"geo":null,"filter_level":"low","in_reply_to_screen_name":"venugopalgv","is_quote_status":false,"id_str":"839104921030934531","in_reply_to_user_id":1896793645,"favorite_count":0,"id":839104921030934531,"text":"@venugopalgv  This was not about slogans but Gujarati\u2019s livelihood due to hate of @INCIndia to Gujarat &amp; made PPL really suffer !","place":null,"lang":"en","favorited":false,"coordinates":null,"truncated":false,"entities":{"urls":[],"hashtags":[],"user_mentions":[{"indices":[0,12],"screen_name":"venugopalgv","id_str":"1896793645","name":"VENU","id":1896793645},{"indices":[82,91],"screen_name":"INCIndia","id_str":"1153045459","name":"INC India","id":1153045459}],"symbols":[]},"display_text_range":[14,133],"contributors":null,"user":{"utc_offset":28800,"friends_count":14471,"profile_image_url_https":"https://pbs.twimg.com/profile_images/837269875483537409/B6K4tP8J_normal.jpg","listed_count":223,"profile_background_image_url":"http://pbs.twimg.com/profile_background_images/500579158993289216/OrvI77gx.jpeg","default_profile_image":false,"favourites_count":31357,"description":"Namaste ! Photographer, Artist, Apple Genie. Love Animals & Lifetime Veggie LOVE, Peace, Joy & LIGHT !  #NaMo Follows Me ;)  Lorrikeet Pic by me જશુમતી","created_at":"Tue Dec 18 11:24:30 +0000 2012","is_translator":false,"profile_background_image_url_https":"https://pbs.twimg.com/profile_background_images/500579158993289216/OrvI77gx.jpeg","protected":false,"screen_name":"JasumatiPatel","id_str":"1019563982","profile_link_color":"981CEB","id":1019563982,"geo_enabled":false,"profile_background_color":"30AD34","lang":"en","profile_sidebar_border_color":"000000","profile_text_color":"333333","verified":false,"profile_image_url":"http://pbs.twimg.com/profile_images/837269875483537409/B6K4tP8J_normal.jpg","time_zone":"Perth","url":null,"contributors_enabled":false,"profile_background_tile":true,"profile_banner_url":"https://pbs.twimg.com/profile_banners/1019563982/1480001084","statuses_count":99661,"follow_request_sent":null,"followers_count":36811,"profile_use_background_image":true,"default_profile":false,"following":null,"name":"Jasumati","location":"Perth, Western Australia","profile_sidebar_fill_color":"DDEEF6","notifications":null}},"in_reply_to_status_id_str":null,"in_reply_to_status_id":null,"created_at":"Tue Mar 07 13:43:08 +0000 2017","in_reply_to_user_id_str":null,"source":"<a href=\"http://twitter.com/download/iphone\" rel=\"nofollow\">Twitter for iPhone<\/a>","retweeted_status":{"quoted_status":{"in_reply_to_status_id_str":"839100285389713408","in_reply_to_status_id":839100285389713408,"created_at":"Tue Mar 07 13:26:17 +0000 2017","in_reply_to_user_id_str":"1896793645","source":"<a href=\"http://twitter.com\" rel=\"nofollow\">Twitter Web Client<\/a>","retweet_count":0,"retweeted":false,"geo":null,"filter_level":"low","in_reply_to_screen_name":"venugopalgv","is_quote_status":false,"id_str":"839104921030934531","in_reply_to_user_id":1896793645,"favorite_count":0,"id":839104921030934531,"text":"@venugopalgv  This was not about slogans but Gujarati\u2019s livelihood due to hate of @INCIndia to Gujarat &amp; made PPL really suffer !","place":null,"lang":"en","favorited":false,"coordinates":null,"truncated":false,"entities":{"urls":[],"hashtags":[],"user_mentions":[{"indices":[0,12],"screen_name":"venugopalgv","id_str":"1896793645","name":"VENU","id":1896793645},{"indices":[82,91],"screen_name":"INCIndia","id_str":"1153045459","name":"INC India","id":1153045459}],"symbols":[]},"display_text_range":[14,133],"contributors":null,"user":{"utc_offset":28800,"friends_count":14471,"profile_image_url_https":"https://pbs.twimg.com/profile_images/837269875483537409/B6K4tP8J_normal.jpg","listed_count":223,"profile_background_image_url":"http://pbs.twimg.com/profile_background_images/500579158993289216/OrvI77gx.jpeg","default_profile_image":false,"favourites_count":31357,"description":"Namaste ! Photographer, Artist, Apple Genie. Love Animals & Lifetime Veggie LOVE, Peace, Joy & LIGHT !  #NaMo Follows Me ;)  Lorrikeet Pic by me જશુમતી","created_at":"Tue Dec 18 11:24:30 +0000 2012","is_translator":false,"profile_background_image_url_https":"https://pbs.twimg.com/profile_background_images/500579158993289216/OrvI77gx.jpeg","protected":false,"screen_name":"JasumatiPatel","id_str":"1019563982","profile_link_color":"981CEB","id":1019563982,"geo_enabled":false,"profile_background_color":"30AD34","lang":"en","profile_sidebar_border_color":"000000","profile_text_color":"333333","verified":false,"profile_image_url":"http://pbs.twimg.com/profile_images/837269875483537409/B6K4tP8J_normal.jpg","time_zone":"Perth","url":null,"contributors_enabled":false,"profile_background_tile":true,"profile_banner_url":"https://pbs.twimg.com/profile_banners/1019563982/1480001084","statuses_count":99661,"follow_request_sent":null,"followers_count":36811,"profile_use_background_image":true,"default_profile":false,"following":null,"name":"Jasumati","location":"Perth, Western Australia","profile_sidebar_fill_color":"DDEEF6","notifications":null}},"in_reply_to_status_id_str":null,"in_reply_to_status_id":null,"created_at":"Tue Mar 07 13:37:56 +0000 2017","in_reply_to_user_id_str":null,"source":"<a href=\"http://twitter.com\" rel=\"nofollow\">Twitter Web Client<\/a>","quoted_status_id":839104921030934531,"retweet_count":1,"retweeted":false,"geo":null,"filter_level":"low","in_reply_to_screen_name":null,"is_quote_status":true,"id_str":"839107853524688896","in_reply_to_user_id":null,"favorite_count":1,"id":839107853524688896,"text":"I  included them under Modi haters. I was only supporting Gujarat and highlighting enemies that Modi has to face. https://t.co/EqTh15Jl1h","place":null,"lang":"en","favorited":false,"possibly_sensitive":false,"coordinates":null,"truncated":false,"entities":{"urls":[{"display_url":"twitter.com/JasumatiPatel/\u2026","indices":[114,137],"expanded_url":"https://twitter.com/JasumatiPatel/status/839104921030934531","url":"https://t.co/EqTh15Jl1h"}],"hashtags":[],"user_mentions":[],"symbols":[]},"display_text_range":[0,113],"quoted_status_id_str":"839104921030934531","contributors":null,"user":{"utc_offset":-28800,"friends_count":981,"profile_image_url_https":"https://pbs.twimg.com/profile_images/827899873219354624/BuruUMuD_normal.jpg","listed_count":44,"profile_background_image_url":"http://abs.twimg.com/images/themes/theme1/bg.png","default_profile_image":false,"favourites_count":10451,"description":"Earlier an Officer in public service-I want BJP to come to power led by Modi in http://2019.Like literature&sports. RTs are not endorsements.","created_at":"Mon Sep 23 09:34:15 +0000 2013","is_translator":false,"profile_background_image_url_https":"https://abs.twimg.com/images/themes/theme1/bg.png","protected":false,"screen_name":"venugopalgv","id_str":"1896793645","profile_link_color":"1DA1F2","id":1896793645,"geo_enabled":true,"profile_background_color":"C0DEED","lang":"en","profile_sidebar_border_color":"C0DEED","profile_text_color":"333333","verified":false,"profile_image_url":"http://pbs.twimg.com/profile_images/827899873219354624/BuruUMuD_normal.jpg","time_zone":"Pacific Time (US & Canada)","url":null,"contributors_enabled":false,"profile_background_tile":false,"statuses_count":33111,"follow_request_sent":null,"followers_count":1725,"profile_use_background_image":true,"default_profile":true,"following":null,"name":"VENU","location":"Chennai","profile_sidebar_fill_color":"DDEEF6","notifications":null}},"quoted_status_id":839104921030934531,"retweet_count":0,"retweeted":false,"geo":null,"filter_level":"low","in_reply_to_screen_name":null,"is_quote_status":true,"id_str":"839109159245201408","in_reply_to_user_id":null,"favorite_count":0,"id":839109159245201408,"text":"RT @venugopalgv: I  included them under Modi haters. I was only supporting Gujarat and highlighting enemies that Modi has to face. https://\u2026","place":null,"lang":"en","favorited":false,"coordinates":null,"truncated":false,"timestamp_ms":"1488894188115","entities":{"urls":[],"hashtags":[],"user_mentions":[{"indices":[3,15],"screen_name":"venugopalgv","id_str":"1896793645","name":"VENU","id":1896793645}],"symbols":[]},"quoted_status_id_str":"839104921030934531","contributors":null,"user":{"utc_offset":19800,"friends_count":2072,"profile_image_url_https":"https://pbs.twimg.com/profile_images/568100211663175680/39kFndys_normal.jpeg","listed_count":19,"profile_background_image_url":"http://abs.twimg.com/images/themes/theme1/bg.png","default_profile_image":false,"favourites_count":27524,"description":"Easy going and fun loving! Not a Pseudo Secularist! RT not endorsement.\"Art has no boundaries\" complete bullshit! Followed by brave soldier @majorgauravarya","created_at":"Sat Dec 24 05:59:46 +0000 2011","is_translator":false,"profile_background_image_url_https":"https://abs.twimg.com/images/themes/theme1/bg.png","protected":false,"screen_name":"ssingapuri","id_str":"445261401","profile_link_color":"1DA1F2","id":445261401,"geo_enabled":true,"profile_background_color":"C0DEED","lang":"en","profile_sidebar_border_color":"C0DEED","profile_text_color":"333333","verified":false,"profile_image_url":"http://pbs.twimg.com/profile_images/568100211663175680/39kFndys_normal.jpeg","time_zone":"Mumbai","url":"http://www.airbornerecruiting.com","contributors_enabled":false,"profile_background_tile":false,"profile_banner_url":"https://pbs.twimg.com/profile_banners/445261401/1488782397","statuses_count":34304,"follow_request_sent":null,"followers_count":3839,"profile_use_background_image":true,"default_profile":true,"following":null,"name":"Sandy Boy!","location":"Mumbai, India","profile_sidebar_fill_color":"DDEEF6","notifications":null}}
{"in_reply_to_status_id_str":null,"in_reply_to_status_id":null,"created_at":"Tue Mar 07 13:43:12 +0000 2017","in_reply_to_user_id_str":null,"source":"<a href=\"http://twitter.com/download/android\" rel=\"nofollow\">Twitter for Android<\/a>","retweeted_status":{"in_reply_to_status_id_str":null,"in_reply_to_status_id":null,"coordinates":null,"created_at":"Tue Mar 07 13:30:23 +0000 2017","truncated":false,"in_reply_to_user_id_str":null,"source":"<a href=\"http://twitter.com/download/android\" rel=\"nofollow\">Twitter for Android<\/a>","retweet_count":2,"retweeted":false,"geo":null,"filter_level":"low","in_reply_to_screen_name":null,"is_quote_status":false,"entities":{"urls":[],"hashtags":[],"user_mentions":[],"symbols":[]},"id_str":"839105951009497090","in_reply_to_user_id":null,"favorite_count":0,"id":839105951009497090,"text":"Modi jee said, after note ban terrorism has stopped, then why terrorist activities increased in last 1 month,it seems to affect UP election.","place":null,"contributors":null,"lang":"en","user":{"utc_offset":null,"friends_count":573,"profile_image_url_https":"https://pbs.twimg.com/profile_images/727451256810180608/OA8y8Glw_normal.jpg","listed_count":14,"profile_background_image_url":"","default_profile_image":false,"favourites_count":1199,"description":"My Motherland is my Priority, praying and working for a better India.","created_at":"Fri Apr 08 14:05:13 +0000 2016","is_translator":false,"profile_background_image_url_https":"","protected":false,"screen_name":"kashifbharti","id_str":"718439558384226305","profile_link_color":"1DA1F2","id":718439558384226305,"geo_enabled":false,"profile_background_color":"F5F8FA","lang":"en","profile_sidebar_border_color":"C0DEED","profile_text_color":"333333","verified":false,"profile_image_url":"http://pbs.twimg.com/profile_images/727451256810180608/OA8y8Glw_normal.jpg","time_zone":null,"url":null,"contributors_enabled":false,"profile_background_tile":false,"statuses_count":6635,"follow_request_sent":null,"followers_count":222,"profile_use_background_image":true,"default_profile":true,"following":null,"name":"KashifBharti","location":"Jharkhand, India","profile_sidebar_fill_color":"DDEEF6","notifications":null},"favorited":false},"retweet_count":0,"retweeted":false,"geo":null,"filter_level":"low","in_reply_to_screen_name":null,"is_quote_status":false,"id_str":"839109175779143680","in_reply_to_user_id":null,"favorite_count":0,"id":839109175779143680,"text":"RT @kashifbharti: Modi jee said, after note ban terrorism has stopped, then why terrorist activities increased in last 1 month,it seems to\u2026","place":null,"lang":"en","favorited":false,"coordinates":null,"truncated":false,"timestamp_ms":"1488894192057","entities":{"urls":[],"hashtags":[],"user_mentions":[{"indices":[3,16],"screen_name":"kashifbharti","id_str":"718439558384226305","name":"KashifBharti","id":718439558384226305}],"symbols":[]},"contributors":null,"user":{"utc_offset":null,"friends_count":982,"profile_image_url_https":"https://pbs.twimg.com/profile_images/823493122797629440/eLn6uOTt_normal.jpg","listed_count":34,"profile_background_image_url":"http://abs.twimg.com/images/themes/theme1/bg.png","default_profile_image":false,"favourites_count":39848,"description":"PROUD TO BE AAP AND ARVIND KEJRIWAL SUPPORTER. RT'S NEED NOT BE ENDORSEMENT.","created_at":"Thu May 13 20:37:35 +0000 2010","is_translator":false,"profile_background_image_url_https":"https://abs.twimg.com/images/themes/theme1/bg.png","protected":false,"screen_name":"shunty70","id_str":"143565016","profile_link_color":"1DA1F2","id":143565016,"geo_enabled":true,"profile_background_color":"C0DEED","lang":"en","profile_sidebar_border_color":"C0DEED","profile_text_color":"333333","verified":false,"profile_image_url":"http://pbs.twimg.com/profile_images/823493122797629440/eLn6uOTt_normal.jpg","time_zone":null,"url":null,"contributors_enabled":false,"profile_background_tile":false,"profile_banner_url":"https://pbs.twimg.com/profile_banners/143565016/1435565790","statuses_count":38560,"follow_request_sent":null,"followers_count":524,"profile_use_background_image":true,"default_profile":true,"following":null,"name":"jatinder singh","location":null,"profile_sidebar_fill_color":"DDEEF6","notifications":null}}
{"in_reply_to_status_id_str":null,"in_reply_to_status_id":null,"created_at":"Tue Mar 07 13:43:12 +0000 2017","in_reply_to_user_id_str":null,"source":"<a href=\"http://twitter.com/download/iphone\" rel=\"nofollow\">Twitter for iPhone<\/a>","retweet_count":0,"retweeted":false,"geo":null,"filter_level":"low","in_reply_to_screen_name":null,"is_quote_status":false,"id_str":"839109175888113664","in_reply_to_user_id":null,"favorite_count":0,"id":839109175888113664,"text":"कीमतें काबू रखने में हम कामयाब, चुनाव में किसी ने महंगाई की बात नहीं की: PM Modi #copied","place":null,"lang":"hi","favorited":false,"coordinates":null,"truncated":false,"timestamp_ms":"1488894192083","entities":{"urls":[],"hashtags":[{"indices":[81,88],"text":"copied"}],"user_mentions":[],"symbols":[]},"contributors":null,"user":{"utc_offset":-36000,"friends_count":951,"profile_image_url_https":"https://pbs.twimg.com/profile_images/779007525031071744/Bfq1YIGA_normal.jpg","listed_count":13,"profile_background_image_url":"http://abs.twimg.com/images/themes/theme2/bg.gif","default_profile_image":false,"favourites_count":1203,"description":"HR professional but for now full time doting mother, मोदीभक्त, A Nationalist, rt is not endorsement","created_at":"Fri May 07 08:29:05 +0000 2010","is_translator":false,"profile_background_image_url_https":"https://abs.twimg.com/images/themes/theme2/bg.gif","protected":false,"screen_name":"anushreehrm","id_str":"141141122","profile_link_color":"1F98C7","id":141141122,"geo_enabled":true,"profile_background_color":"C6E2EE","lang":"en","profile_sidebar_border_color":"C6E2EE","profile_text_color":"663B12","verified":false,"profile_image_url":"http://pbs.twimg.com/profile_images/779007525031071744/Bfq1YIGA_normal.jpg","time_zone":"Hawaii","url":null,"contributors_enabled":false,"profile_background_tile":false,"profile_banner_url":"https://pbs.twimg.com/profile_banners/141141122/1474564844","statuses_count":10598,"follow_request_sent":null,"followers_count":939,"profile_use_background_image":true,"default_profile":false,"following":null,"name":"Anushree Sharma","location":"Delhi","profile_sidebar_fill_color":"DAECF4","notifications":null}}
{"in_reply_to_status_id_str":null,"in_reply_to_status_id":null,"created_at":"Tue Mar 07 13:43:12 +0000 2017","in_reply_to_user_id_str":null,"source":"<a href=\"http://twitter.com/download/android\" rel=\"nofollow\">Twitter for Android<\/a>","retweeted_status":{"in_reply_to_status_id_str":null,"in_reply_to_status_id":null,"coordinates":null,"created_at":"Tue Mar 07 11:28:59 +0000 2017","truncated":false,"in_reply_to_user_id_str":null,"source":"<a href=\"http://twitter.com/download/android\" rel=\"nofollow\">Twitter for Android<\/a>","retweet_count":51,"retweeted":false,"geo":null,"filter_level":"low","in_reply_to_screen_name":null,"is_quote_status":false,"entities":{"urls":[],"hashtags":[],"user_mentions":[],"symbols":[]},"id_str":"839075401645211649","in_reply_to_user_id":null,"favorite_count":70,"id":839075401645211649,"text":"\"No party raised issue of inflation during campaigning in 5 states; this means we controlled it: Modi\"\nDefinition of shameless? this is it!","place":null,"contributors":null,"lang":"en","user":{"utc_offset":19800,"friends_count":11,"profile_image_url_https":"https://pbs.twimg.com/profile_images/836034004042285056/qcel9Itb_normal.jpg","listed_count":42,"profile_background_image_url":"http://abs.twimg.com/images/themes/theme1/bg.png","default_profile_image":false,"favourites_count":189,"description":"NotThat Journalist, author & politician.\nOpinions are mine, any resemblance to those of Real Arun Shourie is purely\u200b coincidental! [Seriously, a Parody Account]","created_at":"Tue Mar 31 03:11:41 +0000 2015","is_translator":false,"profile_background_image_url_https":"https://abs.twimg.com/images/themes/theme1/bg.png","protected":false,"screen_name":"FeignShourie","id_str":"3119001014","profile_link_color":"0084B4","id":3119001014,"geo_enabled":true,"profile_background_color":"ABB8C2","lang":"en","profile_sidebar_border_color":"000000","profile_text_color":"000000","verified":false,"profile_image_url":"http://pbs.twimg.com/profile_images/836034004042285056/qcel9Itb_normal.jpg","time_zone":"New Delhi","url":"https://mirrorshourie.wordpress.com/","contributors_enabled":false,"profile_background_tile":false,"profile_banner_url":"https://pbs.twimg.com/profile_banners/3119001014/1488161012","statuses_count":723,"follow_request_sent":null,"followers_count":9955,"profile_use_background_image":true,"default_profile":false,"following":null,"name":"Arun Shourie fαи","location":"New Delhi, India","profile_sidebar_fill_color":"000000","notifications":null},"favorited":false},"retweet_count":0,"retweeted":false,"geo":null,"filter_level":"low","in_reply_to_screen_name":null,"is_quote_status":false,"id_str":"839109176454434816","in_reply_to_user_id":null,"favorite_count":0,"id":839109176454434816,"text":"RT @FeignShourie: \"No party raised issue of inflation during campaigning in 5 states; this means we controlled it: Modi\"\nDefinition of sham\u2026","place":null,"lang":"en","favorited":false,"coordinates":null,"truncated":false,"timestamp_ms":"1488894192218","entities":{"urls":[],"hashtags":[],"user_mentions":[{"indices":[3,16],"screen_name":"FeignShourie","id_str":"3119001014","name":"Arun Shourie fαи","id":3119001014}],"symbols":[]},"contributors":null,"user":{"utc_offset":-28800,"friends_count":251,"profile_image_url_https":"https://pbs.twimg.com/profile_images/785927297060569088/HqWmrmLf_normal.jpg","listed_count":9,"profile_background_image_url":"","default_profile_image":false,"favourites_count":7337,"description":"traveller of bad times","created_at":"Tue Oct 11 18:06:22 +0000 2016","is_translator":false,"profile_background_image_url_https":"","protected":false,"screen_name":"aflatoonarman","id_str":"785904386799120384","profile_link_color":"1DA1F2","id":785904386799120384,"geo_enabled":false,"profile_background_color":"F5F8FA","lang":"en","profile_sidebar_border_color":"C0DEED","profile_text_color":"333333","verified":false,"profile_image_url":"http://pbs.twimg.com/profile_images/785927297060569088/HqWmrmLf_normal.jpg","time_zone":"Pacific Time (US & Canada)","url":null,"contributors_enabled":false,"profile_background_tile":false,"profile_banner_url":"https://pbs.twimg.com/profile_banners/785904386799120384/1486882140","statuses_count":8890,"follow_request_sent":null,"followers_count":51,"profile_use_background_image":true,"default_profile":true,"following":null,"name":"Mohammad Armanullah","location":"Mumbai, India","profile_sidebar_fill_color":"DDEEF6","notifications":null}}
{"quoted_status":{"in_reply_to_status_id_str":null,"in_reply_to_status_id":null,"coordinates":null,"created_at":"Mon Mar 06 15:03:16 +0000 2017","truncated":false,"in_reply_to_user_id_str":null,"source":"<a href=\"https://mobile.twitter.com\" rel=\"nofollow\">Mobile Web (M5)<\/a>","retweet_count":215,"retweeted":false,"geo":null,"filter_level":"low","in_reply_to_screen_name":null,"is_quote_status":false,"entities":{"urls":[],"hashtags":[],"user_mentions":[],"symbols":[]},"id_str":"838766940390899713","in_reply_to_user_id":null,"favorite_count":185,"id":838766940390899713,"text":"EC is very prompt in issuing notices to non-BJP parties &amp; liberally allowing time to Modi cabinet ministers....","place":null,"contributors":null,"lang":"en","user":{"utc_offset":-28800,"friends_count":182,"profile_image_url_https":"https://pbs.twimg.com/profile_images/1422795435/nagen_photo_edit_normal.jpg","listed_count":91,"profile_background_image_url":"http://abs.twimg.com/images/themes/theme1/bg.png","default_profile_image":false,"favourites_count":133,"description":null,"created_at":"Wed Aug 19 06:44:31 +0000 2009","is_translator":false,"profile_background_image_url_https":"https://abs.twimg.com/images/themes/theme1/bg.png","protected":false,"screen_name":"sharmanagendar","id_str":"66932802","profile_link_color":"1DA1F2","id":66932802,"geo_enabled":false,"profile_background_color":"C0DEED","lang":"en","profile_sidebar_border_color":"C0DEED","profile_text_color":"333333","verified":true,"profile_image_url":"http://pbs.twimg.com/profile_images/1422795435/nagen_photo_edit_normal.jpg","time_zone":"Pacific Time (US & Canada)","url":null,"contributors_enabled":false,"profile_background_tile":false,"statuses_count":11021,"follow_request_sent":null,"followers_count":20435,"profile_use_background_image":true,"default_profile":true,"following":null,"name":"Nagendar Sharma","location":"New Delhi, India","profile_sidebar_fill_color":"DDEEF6","notifications":null},"favorited":false},"in_reply_to_status_id_str":null,"in_reply_to_status_id":null,"created_at":"Tue Mar 07 13:43:12 +0000 2017","in_reply_to_user_id_str":null,"source":"<a href=\"http://twitter.com/download/iphone\" rel=\"nofollow\">Twitter for iPhone<\/a>","retweeted_status":{"extended_tweet":{"entities":{"urls":[{"display_url":"twitter.com/sharmanagendar\u2026","indices":[138,161],"expanded_url":"https://twitter.com/sharmanagendar/status/838766940390899713","url":"https://t.co/7nfTN21TpH"}],"hashtags":[],"user_mentions":[],"symbols":[]},"full_text":"Correct! When I took up \"no kabristan\" hate speech of Sakshi Maharaj (who was earlier cautioned on my complaint) EC did not issue notice! https://t.co/7nfTN21TpH","display_text_range":[0,137]},"quoted_status":{"in_reply_to_status_id_str":null,"in_reply_to_status_id":null,"coordinates":null,"created_at":"Mon Mar 06 15:03:16 +0000 2017","truncated":false,"in_reply_to_user_id_str":null,"source":"<a href=\"https://mobile.twitter.com\" rel=\"nofollow\">Mobile Web (M5)<\/a>","retweet_count":215,"retweeted":false,"geo":null,"filter_level":"low","in_reply_to_screen_name":null,"is_quote_status":false,"entities":{"urls":[],"hashtags":[],"user_mentions":[],"symbols":[]},"id_str":"838766940390899713","in_reply_to_user_id":null,"favorite_count":185,"id":838766940390899713,"text":"EC is very prompt in issuing notices to non-BJP parties &amp; liberally allowing time to Modi cabinet ministers....","place":null,"contributors":null,"lang":"en","user":{"utc_offset":-28800,"friends_count":182,"profile_image_url_https":"https://pbs.twimg.com/profile_images/1422795435/nagen_photo_edit_normal.jpg","listed_count":91,"profile_background_image_url":"http://abs.twimg.com/images/themes/theme1/bg.png","default_profile_image":false,"favourites_count":133,"description":null,"created_at":"Wed Aug 19 06:44:31 +0000 2009","is_translator":false,"profile_background_image_url_https":"https://abs.twimg.com/images/themes/theme1/bg.png","protected":false,"screen_name":"sharmanagendar","id_str":"66932802","profile_link_color":"1DA1F2","id":66932802,"geo_enabled":false,"profile_background_color":"C0DEED","lang":"en","profile_sidebar_border_color":"C0DEED","profile_text_color":"333333","verified":true,"profile_image_url":"http://pbs.twimg.com/profile_images/1422795435/nagen_photo_edit_normal.jpg","time_zone":"Pacific Time (US & Canada)","url":null,"contributors_enabled":false,"profile_background_tile":false,"statuses_count":11021,"follow_request_sent":null,"followers_count":20435,"profile_use_background_image":true,"default_profile":true,"following":null,"name":"Nagendar Sharma","location":"New Delhi, India","profile_sidebar_fill_color":"DDEEF6","notifications":null},"favorited":false},"in_reply_to_status_id_str":null,"in_reply_to_status_id":null,"created_at":"Mon Mar 06 15:05:33 +0000 2017","in_reply_to_user_id_str":null,"source":"<a href=\"http://twitter.com/download/iphone\" rel=\"nofollow\">Twitter for iPhone<\/a>","quoted_status_id":838766940390899713,"retweet_count":145,"retweeted":false,"geo":null,"filter_level":"low","in_reply_to_screen_name":null,"is_quote_status":true,"id_str":"838767512409907201","in_reply_to_user_id":null,"favorite_count":112,"id":838767512409907201,"text":"Correct! When I took up \"no kabristan\" hate speech of Sakshi Maharaj (who was earlier cautioned on my complaint) EC\u2026 https://t.co/JIXPtFQwEp","place":null,"lang":"en","favorited":false,"possibly_sensitive":false,"coordinates":null,"truncated":true,"entities":{"urls":[{"display_url":"twitter.com/i/web/status/8\u2026","indices":[117,140],"expanded_url":"https://twitter.com/i/web/status/838767512409907201","url":"https://t.co/JIXPtFQwEp"}],"hashtags":[],"user_mentions":[],"symbols":[]},"display_text_range":[0,140],"quoted_status_id_str":"838766940390899713","contributors":null,"user":{"utc_offset":-36000,"friends_count":2181,"profile_image_url_https":"https://pbs.twimg.com/profile_images/812210721689698304/6mPFwDSU_normal.jpg","listed_count":152,"profile_background_image_url":"http://abs.twimg.com/images/themes/theme1/bg.png","default_profile_image":false,"favourites_count":21306,"description":"Secretary, Maharashtra Congress, Civil Rights Activist, Columnist. My religion is Islam,culture is Hindu,ideology is Indian. Tweets STRICTLY personal","created_at":"Mon Oct 17 09:28:47 +0000 2011","is_translator":false,"profile_background_image_url_https":"https://abs.twimg.com/images/themes/theme1/bg.png","protected":false,"screen_name":"Shehzad_Ind","id_str":"392608775","profile_link_color":"1DA1F2","id":392608775,"geo_enabled":false,"profile_background_color":"C0DEED","lang":"en","profile_sidebar_border_color":"C0DEED","profile_text_color":"333333","verified":true,"profile_image_url":"http://pbs.twimg.com/profile_images/812210721689698304/6mPFwDSU_normal.jpg","time_zone":"Hawaii","url":"http://www.rediff.com/tags/-shehzad-poonawalla","contributors_enabled":false,"profile_background_tile":false,"profile_banner_url":"https://pbs.twimg.com/profile_banners/392608775/1478414312","statuses_count":34934,"follow_request_sent":null,"followers_count":58352,"profile_use_background_image":true,"default_profile":true,"following":null,"name":"Shehzad Poonawalla","location":"India","profile_sidebar_fill_color":"DDEEF6","notifications":null}},"quoted_status_id":838766940390899713,"retweet_count":0,"retweeted":false,"geo":null,"filter_level":"low","in_reply_to_screen_name":null,"is_quote_status":true,"id_str":"839109177909854209","in_reply_to_user_id":null,"favorite_count":0,"id":839109177909854209,"text":"RT @Shehzad_Ind: Correct! When I took up \"no kabristan\" hate speech of Sakshi Maharaj (who was earlier cautioned on my complaint) EC\u2026 ","place":null,"lang":"en","favorited":false,"coordinates":null,"truncated":false,"timestamp_ms":"1488894192565","entities":{"urls":[{"indices":[134,134],"expanded_url":null,"url":""}],"hashtags":[],"user_mentions":[{"indices":[3,15],"screen_name":"Shehzad_Ind","id_str":"392608775","name":"Shehzad Poonawalla","id":392608775}],"symbols":[]},"quoted_status_id_str":"838766940390899713","contributors":null,"user":{"utc_offset":null,"friends_count":68,"profile_image_url_https":"https://pbs.twimg.com/profile_images/722628523282866176/6HC3bhT7_normal.jpg","listed_count":48,"profile_background_image_url":"","default_profile_image":false,"favourites_count":4647,"description":null,"created_at":"Wed Feb 17 09:43:27 +0000 2016","is_translator":false,"profile_background_image_url_https":"","protected":false,"screen_name":"bhimajiyani_mz","id_str":"4920374089","profile_link_color":"1DA1F2","id":4920374089,"geo_enabled":true,"profile_background_color":"F5F8FA","lang":"en","profile_sidebar_border_color":"C0DEED","profile_text_color":"333333","verified":false,"profile_image_url":"http://pbs.twimg.com/profile_images/722628523282866176/6HC3bhT7_normal.jpg","time_zone":null,"url":null,"contributors_enabled":false,"profile_background_tile":false,"statuses_count":41131,"follow_request_sent":null,"followers_count":190,"profile_use_background_image":true,"default_profile":true,"following":null,"name":"Mehul J Bhimajiyani","location":null,"profile_sidebar_fill_color":"DDEEF6","notifications":null}}
{"quoted_status":{"extended_tweet":{"extended_entities":{"media":[{"display_url":"pic.twitter.com/ILkxdQ6kwr","indices":[124,147],"sizes":{"small":{"w":680,"h":378,"resize":"fit"},"large":{"w":759,"h":422,"resize":"fit"},"thumb":{"w":150,"h":150,"resize":"crop"},"medium":{"w":759,"h":422,"resize":"fit"}},"id_str":"838413255387197442","expanded_url":"https://twitter.com/IndianExpress/status/838413277298225152/photo/1","media_url_https":"https://pbs.twimg.com/media/C6KkaeZVMAIkiB8.jpg","id":838413255387197442,"type":"photo","media_url":"http://pbs.twimg.com/media/C6KkaeZVMAIkiB8.jpg","url":"https://t.co/ILkxdQ6kwr"}]},"entities":{"urls":[{"display_url":"indianexpress.com/elections/utta\u2026","indices":[100,123],"expanded_url":"http://indianexpress.com/elections/uttar-pradesh-assembly-elections-2017/uttar-pradesh-polls-2017-narendra-modi-varanasi-roadshow-bjp-sp-congress-samajwadi-party-demonetisation-4555855/","url":"https://t.co/SwxtbvcJft"}],"hashtags":[],"media":[{"display_url":"pic.twitter.com/ILkxdQ6kwr","indices":[124,147],"sizes":{"small":{"w":680,"h":378,"resize":"fit"},"large":{"w":759,"h":422,"resize":"fit"},"thumb":{"w":150,"h":150,"resize":"crop"},"medium":{"w":759,"h":422,"resize":"fit"}},"id_str":"838413255387197442","expanded_url":"https://twitter.com/IndianExpress/status/838413277298225152/photo/1","media_url_https":"https://pbs.twimg.com/media/C6KkaeZVMAIkiB8.jpg","id":838413255387197442,"type":"photo","media_url":"http://pbs.twimg.com/media/C6KkaeZVMAIkiB8.jpg","url":"https://t.co/ILkxdQ6kwr"}],"user_mentions":[],"symbols":[]},"full_text":"UP elections 2017: Akhilesh government creating hurdle in the development of Varanasi, says PM Modi\nhttps://t.co/SwxtbvcJft https://t.co/ILkxdQ6kwr","display_text_range":[0,123]},"in_reply_to_status_id_str":null,"in_reply_to_status_id":null,"created_at":"Sun Mar 05 15:37:56 +0000 2017","in_reply_to_user_id_str":null,"source":"<a href=\"https://about.twitter.com/products/tweetdeck\" rel=\"nofollow\">TweetDeck<\/a>","retweet_count":10,"retweeted":false,"geo":null,"filter_level":"low","in_reply_to_screen_name":null,"is_quote_status":false,"id_str":"838413277298225152","in_reply_to_user_id":null,"favorite_count":32,"id":838413277298225152,"text":"UP elections 2017: Akhilesh government creating hurdle in the development of Varanasi, says PM Modi\u2026 https://t.co/nhZnP3tqo5","place":null,"lang":"en","favorited":false,"possibly_sensitive":false,"coordinates":null,"truncated":true,"entities":{"urls":[{"display_url":"twitter.com/i/web/status/8\u2026","indices":[101,124],"expanded_url":"https://twitter.com/i/web/status/838413277298225152","url":"https://t.co/nhZnP3tqo5"}],"hashtags":[],"user_mentions":[],"symbols":[]},"display_text_range":[0,140],"contributors":null,"user":{"utc_offset":19800,"friends_count":749,"profile_image_url_https":"https://pbs.twimg.com/profile_images/1850193578/IE_Square_Logo_normal.png","listed_count":3984,"profile_background_image_url":"http://pbs.twimg.com/profile_background_images/425523314/Twitter-BG-updated.jpg","default_profile_image":false,"favourites_count":396,"description":"The Indian Express brings to you latest news from India and the world, breaking round the clock. The 'Journalism of Courage' starts here.","created_at":"Fri May 08 11:29:15 +0000 2009","is_translator":false,"profile_background_image_url_https":"https://pbs.twimg.com/profile_background_images/425523314/Twitter-BG-updated.jpg","protected":false,"screen_name":"IndianExpress","id_str":"38647512","profile_link_color":"010B0F","id":38647512,"geo_enabled":true,"profile_background_color":"FFFFFF","lang":"en","profile_sidebar_border_color":"C0DEED","profile_text_color":"333333","verified":true,"profile_image_url":"http://pbs.twimg.com/profile_images/1850193578/IE_Square_Logo_normal.png","time_zone":"New Delhi","url":"http://www.indianexpress.com","contributors_enabled":false,"profile_background_tile":false,"profile_banner_url":"https://pbs.twimg.com/profile_banners/38647512/1481197781","statuses_count":295874,"follow_request_sent":null,"followers_count":2337661,"profile_use_background_image":true,"default_profile":false,"following":null,"name":"The Indian Express","location":"India","profile_sidebar_fill_color":"DDEEF6","notifications":null}},"in_reply_to_status_id_str":null,"in_reply_to_status_id":null,"created_at":"Tue Mar 07 13:43:13 +0000 2017","in_reply_to_user_id_str":null,"source":"<a href=\"http://twitter.com/download/android\" rel=\"nofollow\">Twitter for Android<\/a>","retweeted_status":{"quoted_status":{"extended_tweet":{"extended_entities":{"media":[{"display_url":"pic.twitter.com/ILkxdQ6kwr","indices":[124,147],"sizes":{"small":{"w":680,"h":378,"resize":"fit"},"large":{"w":759,"h":422,"resize":"fit"},"thumb":{"w":150,"h":150,"resize":"crop"},"medium":{"w":759,"h":422,"resize":"fit"}},"id_str":"838413255387197442","expanded_url":"https://twitter.com/IndianExpress/status/838413277298225152/photo/1","media_url_https":"https://pbs.twimg.com/media/C6KkaeZVMAIkiB8.jpg","id":838413255387197442,"type":"photo","media_url":"http://pbs.twimg.com/media/C6KkaeZVMAIkiB8.jpg","url":"https://t.co/ILkxdQ6kwr"}]},"entities":{"urls":[{"display_url":"indianexpress.com/elections/utta\u2026","indices":[100,123],"expanded_url":"http://indianexpress.com/elections/uttar-pradesh-assembly-elections-2017/uttar-pradesh-polls-2017-narendra-modi-varanasi-roadshow-bjp-sp-congress-samajwadi-party-demonetisation-4555855/","url":"https://t.co/SwxtbvcJft"}],"hashtags":[],"media":[{"display_url":"pic.twitter.com/ILkxdQ6kwr","indices":[124,147],"sizes":{"small":{"w":680,"h":378,"resize":"fit"},"large":{"w":759,"h":422,"resize":"fit"},"thumb":{"w":150,"h":150,"resize":"crop"},"medium":{"w":759,"h":422,"resize":"fit"}},"id_str":"838413255387197442","expanded_url":"https://twitter.com/IndianExpress/status/838413277298225152/photo/1","media_url_https":"https://pbs.twimg.com/media/C6KkaeZVMAIkiB8.jpg","id":838413255387197442,"type":"photo","media_url":"http://pbs.twimg.com/media/C6KkaeZVMAIkiB8.jpg","url":"https://t.co/ILkxdQ6kwr"}],"user_mentions":[],"symbols":[]},"full_text":"UP elections 2017: Akhilesh government creating hurdle in the development of Varanasi, says PM Modi\nhttps://t.co/SwxtbvcJft https://t.co/ILkxdQ6kwr","display_text_range":[0,123]},"in_reply_to_status_id_str":null,"in_reply_to_status_id":null,"created_at":"Sun Mar 05 15:37:56 +0000 2017","in_reply_to_user_id_str":null,"source":"<a href=\"https://about.twitter.com/products/tweetdeck\" rel=\"nofollow\">TweetDeck<\/a>","retweet_count":10,"retweeted":false,"geo":null,"filter_level":"low","in_reply_to_screen_name":null,"is_quote_status":false,"id_str":"838413277298225152","in_reply_to_user_id":null,"favorite_count":32,"id":838413277298225152,"text":"UP elections 2017: Akhilesh government creating hurdle in the development of Varanasi, says PM Modi\u2026 https://t.co/nhZnP3tqo5","place":null,"lang":"en","favorited":false,"possibly_sensitive":false,"coordinates":null,"truncated":true,"entities":{"urls":[{"display_url":"twitter.com/i/web/status/8\u2026","indices":[101,124],"expanded_url":"https://twitter.com/i/web/status/838413277298225152","url":"https://t.co/nhZnP3tqo5"}],"hashtags":[],"user_mentions":[],"symbols":[]},"display_text_range":[0,140],"contributors":null,"user":{"utc_offset":19800,"friends_count":749,"profile_image_url_https":"https://pbs.twimg.com/profile_images/1850193578/IE_Square_Logo_normal.png","listed_count":3984,"profile_background_image_url":"http://pbs.twimg.com/profile_background_images/425523314/Twitter-BG-updated.jpg","default_profile_image":false,"favourites_count":396,"description":"The Indian Express brings to you latest news from India and the world, breaking round the clock. The 'Journalism of Courage' starts here.","created_at":"Fri May 08 11:29:15 +0000 2009","is_translator":false,"profile_background_image_url_https":"https://pbs.twimg.com/profile_background_images/425523314/Twitter-BG-updated.jpg","protected":false,"screen_name":"IndianExpress","id_str":"38647512","profile_link_color":"010B0F","id":38647512,"geo_enabled":true,"profile_background_color":"FFFFFF","lang":"en","profile_sidebar_border_color":"C0DEED","profile_text_color":"333333","verified":true,"profile_image_url":"http://pbs.twimg.com/profile_images/1850193578/IE_Square_Logo_normal.png","time_zone":"New Delhi","url":"http://www.indianexpress.com","contributors_enabled":false,"profile_background_tile":false,"profile_banner_url":"https://pbs.twimg.com/profile_banners/38647512/1481197781","statuses_count":295874,"follow_request_sent":null,"followers_count":2337661,"profile_use_background_image":true,"default_profile":false,"following":null,"name":"The Indian Express","location":"India","profile_sidebar_fill_color":"DDEEF6","notifications":null}},"in_reply_to_status_id_str":null,"in_reply_to_status_id":null,"created_at":"Mon Mar 06 10:04:10 +0000 2017","in_reply_to_user_id_str":null,"source":"<a href=\"http://twitter.com/download/android\" rel=\"nofollow\">Twitter for Android<\/a>","quoted_status_id":838413277298225152,"retweet_count":32,"retweeted":false,"geo":null,"filter_level":"low","in_reply_to_screen_name":null,"is_quote_status":true,"id_str":"838691667922210817","in_reply_to_user_id":null,"favorite_count":42,"id":838691667922210817,"text":"यही इल्जाम जब AK आप पर लगाते है तो आप लोग \"काम ना करने का बहाना\" बताते हो ,😡😠 @dilipkpandey @DrKumarVishwas https://t.co/tDXLZVto6U","place":null,"lang":"hi","favorited":false,"possibly_sensitive":false,"coordinates":null,"truncated":false,"entities":{"urls":[{"display_url":"twitter.com/IndianExpress/\u2026","indices":[108,131],"expanded_url":"https://twitter.com/IndianExpress/status/838413277298225152","url":"https://t.co/tDXLZVto6U"}],"hashtags":[],"user_mentions":[{"indices":[78,91],"screen_name":"dilipkpandey","id_str":"16967612","name":"Dilip K. Pandey","id":16967612},{"indices":[92,107],"screen_name":"DrKumarVishwas","id_str":"141633175","name":"Dr Kumar Vishvas","id":141633175}],"symbols":[]},"display_text_range":[0,107],"quoted_status_id_str":"838413277298225152","contributors":null,"user":{"utc_offset":null,"friends_count":1001,"profile_image_url_https":"https://pbs.twimg.com/profile_images/836497593442033664/Or8qGI0w_normal.jpg","listed_count":10,"profile_background_image_url":"http://abs.twimg.com/images/themes/theme1/bg.png","default_profile_image":false,"favourites_count":10320,"description":",  Dist secretary of south delhi 2 (main wing) DC of  SMC south delhi 2 ,  Die hard fan of AK , RB ,&M.S.Dhoni .Want a corruption free india","created_at":"Sat Jul 04 07:14:56 +0000 2015","is_translator":false,"profile_background_image_url_https":"https://abs.twimg.com/images/themes/theme1/bg.png","protected":false,"screen_name":"singharti411","id_str":"3267805908","profile_link_color":"1DA1F2","id":3267805908,"geo_enabled":false,"profile_background_color":"C0DEED","lang":"en","profile_sidebar_border_color":"C0DEED","profile_text_color":"333333","verified":false,"profile_image_url":"http://pbs.twimg.com/profile_images/836497593442033664/Or8qGI0w_normal.jpg","time_zone":null,"url":null,"contributors_enabled":false,"profile_background_tile":false,"profile_banner_url":"https://pbs.twimg.com/profile_banners/3267805908/1481110654","statuses_count":5190,"follow_request_sent":null,"followers_count":3534,"profile_use_background_image":true,"default_profile":true,"following":null,"name":"Arti Singh","location":"Dwarka, New Delhi","profile_sidebar_fill_color":"DDEEF6","notifications":null}},"quoted_status_id":838413277298225152,"retweet_count":0,"retweeted":false,"geo":null,"filter_level":"low","in_reply_to_screen_name":null,"is_quote_status":true,"id_str":"839109179851694080","in_reply_to_user_id":null,"favorite_count":0,"id":839109179851694080,"text":"RT @singharti411: यही इल्जाम जब AK आप पर लगाते है तो आप लोग \"काम ना करने का बहाना\" बताते हो ,😡😠 @dilipkpandey @DrKumarVishwas https://t.co/\u2026","place":null,"lang":"hi","favorited":false,"coordinates":null,"truncated":false,"timestamp_ms":"1488894193028","entities":{"urls":[],"hashtags":[],"user_mentions":[{"indices":[3,16],"screen_name":"singharti411","id_str":"3267805908","name":"Arti Singh","id":3267805908},{"indices":[96,109],"screen_name":"dilipkpandey","id_str":"16967612","name":"Dilip K. Pandey","id":16967612},{"indices":[110,125],"screen_name":"DrKumarVishwas","id_str":"141633175","name":"Dr Kumar Vishvas","id":141633175}],"symbols":[]},"quoted_status_id_str":"838413277298225152","contributors":null,"user":{"utc_offset":null,"friends_count":12,"profile_image_url_https":"https://pbs.twimg.com/profile_images/832215992197484546/Qagf4HVf_normal.jpg","listed_count":2,"profile_background_image_url":"","default_profile_image":false,"favourites_count":239,"description":null,"created_at":"Wed Jan 04 12:32:43 +0000 2017","is_translator":false,"profile_background_image_url_https":"","protected":false,"screen_name":"ReminderKaur","id_str":"816623391730003968","profile_link_color":"1DA1F2","id":816623391730003968,"geo_enabled":true,"profile_background_color":"F5F8FA","lang":"en","profile_sidebar_border_color":"C0DEED","profile_text_color":"333333","verified":false,"profile_image_url":"http://pbs.twimg.com/profile_images/832215992197484546/Qagf4HVf_normal.jpg","time_zone":null,"url":null,"contributors_enabled":false,"profile_background_tile":false,"statuses_count":2420,"follow_request_sent":null,"followers_count":17,"profile_use_background_image":true,"default_profile":true,"following":null,"name":"Tejinder Kaur  Mehta","location":null,"profile_sidebar_fill_color":"DDEEF6","notifications":null}}
{"quoted_status":{"in_reply_to_status_id_str":null,"in_reply_to_status_id":null,"coordinates":null,"created_at":"Tue Mar 07 09:27:29 +0000 2017","truncated":false,"in_reply_to_user_id_str":null,"source":"<a href=\"http://twitter.com/download/iphone\" rel=\"nofollow\">Twitter for iPhone<\/a>","retweet_count":102,"retweeted":false,"geo":null,"filter_level":"low","in_reply_to_screen_name":null,"is_quote_status":false,"entities":{"urls":[],"hashtags":[],"user_mentions":[],"symbols":[]},"id_str":"839044825542438913","in_reply_to_user_id":null,"favorite_count":96,"id":839044825542438913,"text":"The full story of PM's miracle\n\nMIRACLE AND MODI:\nOn Friday, 3rd of March, 11pm got emergency call from a doctor who was my senior in AMCH.","place":{"country_code":"IN","country":"India","full_name":"New Delhi, India","bounding_box":{"coordinates":[[[76.84252,28.397657],[76.84252,28.879322],[77.347652,28.879322],[77.347652,28.397657]]],"type":"Polygon"},"place_type":"city","name":"New Delhi","attributes":{},"id":"317fcc4b21a604d5","url":"https://api.twitter.com/1.1/geo/id/317fcc4b21a604d5.json"},"contributors":null,"lang":"en","user":{"utc_offset":-28800,"friends_count":33,"profile_image_url_https":"https://pbs.twimg.com/profile_images/827034126003773440/Mnod4eNQ_normal.jpg","listed_count":89,"profile_background_image_url":"http://abs.twimg.com/images/themes/theme1/bg.png","default_profile_image":false,"favourites_count":30332,"description":"Chartered Accountant, Company Secretary Financial & Tax Advisor, Portfolio Management. favorite moments Sky diving in Munich & Bungy in Cairns. No DM Please","created_at":"Thu Aug 13 13:44:07 +0000 2015","is_translator":false,"profile_background_image_url_https":"https://abs.twimg.com/images/themes/theme1/bg.png","protected":false,"screen_name":"RenukaJain6","id_str":"3314383418","profile_link_color":"1DA1F2","id":3314383418,"geo_enabled":true,"profile_background_color":"C0DEED","lang":"en","profile_sidebar_border_color":"C0DEED","profile_text_color":"333333","verified":false,"profile_image_url":"http://pbs.twimg.com/profile_images/827034126003773440/Mnod4eNQ_normal.jpg","time_zone":"Pacific Time (US & Canada)","url":"https://renukajain.blogspot.in/","contributors_enabled":false,"profile_background_tile":false,"profile_banner_url":"https://pbs.twimg.com/profile_banners/3314383418/1476593747","statuses_count":35632,"follow_request_sent":null,"followers_count":8618,"profile_use_background_image":true,"default_profile":true,"following":null,"name":"Renuka Jain","location":"india ","profile_sidebar_fill_color":"DDEEF6","notifications":null},"favorited":false},"in_reply_to_status_id_str":null,"in_reply_to_status_id":null,"created_at":"Tue Mar 07 13:43:14 +0000 2017","in_reply_to_user_id_str":null,"source":"<a href=\"http://twitter.com/download/iphone\" rel=\"nofollow\">Twitter for iPhone<\/a>","retweeted_status":{"quoted_status":{"in_reply_to_status_id_str":null,"in_reply_to_status_id":null,"coordinates":null,"created_at":"Tue Mar 07 09:27:29 +0000 2017","truncated":false,"in_reply_to_user_id_str":null,"source":"<a href=\"http://twitter.com/download/iphone\" rel=\"nofollow\">Twitter for iPhone<\/a>","retweet_count":102,"retweeted":false,"geo":null,"filter_level":"low","in_reply_to_screen_name":null,"is_quote_status":false,"entities":{"urls":[],"hashtags":[],"user_mentions":[],"symbols":[]},"id_str":"839044825542438913","in_reply_to_user_id":null,"favorite_count":96,"id":839044825542438913,"text":"The full story of PM's miracle\n\nMIRACLE AND MODI:\nOn Friday, 3rd of March, 11pm got emergency call from a doctor who was my senior in AMCH.","place":{"country_code":"IN","country":"India","full_name":"New Delhi, India","bounding_box":{"coordinates":[[[76.84252,28.397657],[76.84252,28.879322],[77.347652,28.879322],[77.347652,28.397657]]],"type":"Polygon"},"place_type":"city","name":"New Delhi","attributes":{},"id":"317fcc4b21a604d5","url":"https://api.twitter.com/1.1/geo/id/317fcc4b21a604d5.json"},"contributors":null,"lang":"en","user":{"utc_offset":-28800,"friends_count":33,"profile_image_url_https":"https://pbs.twimg.com/profile_images/827034126003773440/Mnod4eNQ_normal.jpg","listed_count":89,"profile_background_image_url":"http://abs.twimg.com/images/themes/theme1/bg.png","default_profile_image":false,"favourites_count":30332,"description":"Chartered Accountant, Company Secretary Financial & Tax Advisor, Portfolio Management. favorite moments Sky diving in Munich & Bungy in Cairns. No DM Please","created_at":"Thu Aug 13 13:44:07 +0000 2015","is_translator":false,"profile_background_image_url_https":"https://abs.twimg.com/images/themes/theme1/bg.png","protected":false,"screen_name":"RenukaJain6","id_str":"3314383418","profile_link_color":"1DA1F2","id":3314383418,"geo_enabled":true,"profile_background_color":"C0DEED","lang":"en","profile_sidebar_border_color":"C0DEED","profile_text_color":"333333","verified":false,"profile_image_url":"http://pbs.twimg.com/profile_images/827034126003773440/Mnod4eNQ_normal.jpg","time_zone":"Pacific Time (US & Canada)","url":"https://renukajain.blogspot.in/","contributors_enabled":false,"profile_background_tile":false,"profile_banner_url":"https://pbs.twimg.com/profile_banners/3314383418/1476593747","statuses_count":35632,"follow_request_sent":null,"followers_count":8618,"profile_use_background_image":true,"default_profile":true,"following":null,"name":"Renuka Jain","location":"india ","profile_sidebar_fill_color":"DDEEF6","notifications":null},"favorited":false},"in_reply_to_status_id_str":null,"in_reply_to_status_id":null,"created_at":"Tue Mar 07 13:29:40 +0000 2017","in_reply_to_user_id_str":null,"source":"<a href=\"http://twitter.com/download/android\" rel=\"nofollow\">Twitter for Android<\/a>","quoted_status_id":839044825542438913,"retweet_count":1,"retweeted":false,"geo":null,"filter_level":"low","in_reply_to_screen_name":null,"is_quote_status":true,"id_str":"839105771820371968","in_reply_to_user_id":null,"favorite_count":0,"id":839105771820371968,"text":"Thread 👇👇👇 https://t.co/v1Mxwpf5HR","place":null,"lang":"en","favorited":false,"possibly_sensitive":false,"coordinates":null,"truncated":false,"entities":{"urls":[{"display_url":"twitter.com/RenukaJain6/st\u2026","indices":[11,34],"expanded_url":"https://twitter.com/RenukaJain6/status/839044825542438913","url":"https://t.co/v1Mxwpf5HR"}],"hashtags":[],"user_mentions":[],"symbols":[]},"display_text_range":[0,10],"quoted_status_id_str":"839044825542438913","contributors":null,"user":{"utc_offset":-36000,"friends_count":809,"profile_image_url_https":"https://pbs.twimg.com/profile_images/821417834873901056/YsL8EYWF_normal.jpg","listed_count":24,"profile_background_image_url":"http://pbs.twimg.com/profile_background_images/414894614/swan.jpg","default_profile_image":false,"favourites_count":655,"description":"Chennai based simpleton. Classical musical, cricket, chess, tennis, politics, Illayaraja are the interests.","created_at":"Sat Jan 23 04:38:45 +0000 2010","is_translator":false,"profile_background_image_url_https":"https://pbs.twimg.com/profile_background_images/414894614/swan.jpg","protected":false,"screen_name":"athreyaa","id_str":"107619096","profile_link_color":"0084B4","id":107619096,"geo_enabled":true,"profile_background_color":"C0DEED","lang":"en","profile_sidebar_border_color":"C0DEED","profile_text_color":"333333","verified":false,"profile_image_url":"http://pbs.twimg.com/profile_images/821417834873901056/YsL8EYWF_normal.jpg","time_zone":"Hawaii","url":null,"contributors_enabled":false,"profile_background_tile":true,"profile_banner_url":"https://pbs.twimg.com/profile_banners/107619096/1486924407","statuses_count":17429,"follow_request_sent":null,"followers_count":475,"profile_use_background_image":true,"default_profile":false,"following":null,"name":"Ganesh Athreyaa","location":"Chennai, India","profile_sidebar_fill_color":"DDEEF6","notifications":null}},"quoted_status_id":839044825542438913,"retweet_count":0,"retweeted":false,"geo":null,"filter_level":"low","in_reply_to_screen_name":null,"is_quote_status":true,"id_str":"839109187242090496","in_reply_to_user_id":null,"favorite_count":0,"id":839109187242090496,"text":"RT @athreyaa: Thread 👇👇👇 https://t.co/v1Mxwpf5HR","place":null,"lang":"en","favorited":false,"possibly_sensitive":false,"coordinates":null,"truncated":false,"timestamp_ms":"1488894194790","entities":{"urls":[{"display_url":"twitter.com/RenukaJain6/st\u2026","indices":[25,48],"expanded_url":"https://twitter.com/RenukaJain6/status/839044825542438913","url":"https://t.co/v1Mxwpf5HR"}],"hashtags":[],"user_mentions":[{"indices":[3,12],"screen_name":"athreyaa","id_str":"107619096","name":"Ganesh Athreyaa","id":107619096}],"symbols":[]},"quoted_status_id_str":"839044825542438913","contributors":null,"user":{"utc_offset":null,"friends_count":322,"profile_image_url_https":"https://pbs.twimg.com/profile_images/754353320949493760/Ucdn_dQk_normal.jpg","listed_count":8,"profile_background_image_url":"http://abs.twimg.com/images/themes/theme1/bg.png","default_profile_image":false,"favourites_count":1660,"description":null,"created_at":"Sat Jan 15 14:39:09 +0000 2011","is_translator":false,"profile_background_image_url_https":"https://abs.twimg.com/images/themes/theme1/bg.png","protected":false,"screen_name":"gcoolb","id_str":"238586604","profile_link_color":"1DA1F2","id":238586604,"geo_enabled":false,"profile_background_color":"C0DEED","lang":"en","profile_sidebar_border_color":"C0DEED","profile_text_color":"333333","verified":false,"profile_image_url":"http://pbs.twimg.com/profile_images/754353320949493760/Ucdn_dQk_normal.jpg","time_zone":null,"url":null,"contributors_enabled":false,"profile_background_tile":false,"statuses_count":4029,"follow_request_sent":null,"followers_count":82,"profile_use_background_image":true,"default_profile":true,"following":null,"name":"Gokulan B","location":null,"profile_sidebar_fill_color":"DDEEF6","notifications":null}}
{"in_reply_to_status_id_str":null,"in_reply_to_status_id":null,"created_at":"Tue Mar 07 13:43:16 +0000 2017","in_reply_to_user_id_str":null,"source":"<a href=\"http://twitter.com\" rel=\"nofollow\">Twitter Web Client<\/a>","retweet_count":0,"retweeted":false,"geo":null,"filter_level":"low","in_reply_to_screen_name":null,"is_quote_status":false,"id_str":"839109194750046208","in_reply_to_user_id":null,"favorite_count":0,"id":839109194750046208,"text":"Barkha Dutt Finally Reveals Why She Hates Narendra Modi So Much !!\n\nhttps://t.co/uYogeMNAjB via @postcard_news","place":null,"lang":"en","favorited":false,"possibly_sensitive":false,"coordinates":null,"truncated":false,"timestamp_ms":"1488894196580","entities":{"urls":[{"display_url":"postcard.news/barkha-dutt-fi\u2026","indices":[68,91],"expanded_url":"http://postcard.news/barkha-dutt-finally-reveals-hates-narendra-modi-much/","url":"https://t.co/uYogeMNAjB"}],"hashtags":[],"user_mentions":[{"indices":[96,110],"screen_name":"postcard_news","id_str":"3179331468","name":"Post Card","id":3179331468}],"symbols":[]},"contributors":null,"user":{"utc_offset":null,"friends_count":458,"profile_image_url_https":"https://pbs.twimg.com/profile_images/833183994342735872/sniTCaFx_normal.jpg","listed_count":24,"profile_background_image_url":"","default_profile_image":false,"favourites_count":19292,"description":"India First. Proud Hindu.Tolerance & Apathy are the last virtues of a dying nation. Devotee of Bhagavad Gita & RSS. Fan of NaMo. RTs are not endorsement.","created_at":"Wed Jun 01 09:27:00 +0000 2016","is_translator":false,"profile_background_image_url_https":"","protected":false,"screen_name":"swrpa733124","id_str":"737938488415428609","profile_link_color":"1DA1F2","id":737938488415428609,"geo_enabled":false,"profile_background_color":"F5F8FA","lang":"en","profile_sidebar_border_color":"C0DEED","profile_text_color":"333333","verified":false,"profile_image_url":"http://pbs.twimg.com/profile_images/833183994342735872/sniTCaFx_normal.jpg","time_zone":null,"url":"http://twiends.com/swrpa733124","contributors_enabled":false,"profile_background_tile":false,"profile_banner_url":"https://pbs.twimg.com/profile_banners/737938488415428609/1486620410","statuses_count":22800,"follow_request_sent":null,"followers_count":619,"profile_use_background_image":true,"default_profile":true,"following":null,"name":"AWAKENED","location":"India","profile_sidebar_fill_color":"DDEEF6","notifications":null}}
{"in_reply_to_status_id_str":null,"in_reply_to_status_id":null,"created_at":"Tue Mar 07 13:43:16 +0000 2017","in_reply_to_user_id_str":null,"source":"<a href=\"http://twitter.com/download/iphone\" rel=\"nofollow\">Twitter for iPhone<\/a>","retweeted_status":{"in_reply_to_status_id_str":null,"in_reply_to_status_id":null,"coordinates":null,"created_at":"Tue Mar 07 11:03:07 +0000 2017","truncated":false,"in_reply_to_user_id_str":null,"source":"<a href=\"http://twitter.com/download/android\" rel=\"nofollow\">Twitter for Android<\/a>","retweet_count":65,"retweeted":false,"geo":null,"filter_level":"low","in_reply_to_screen_name":null,"is_quote_status":false,"entities":{"urls":[],"hashtags":[{"indices":[0,19],"text":"gujaratonfasttrack"}],"user_mentions":[],"symbols":[]},"id_str":"839068892043575296","in_reply_to_user_id":null,"favorite_count":77,"id":839068892043575296,"text":"#gujaratonfasttrack without Modi Ji visiting single family in which farmer has committed suicide due to agrarian crisis of 'No-1 Gujarat'","place":null,"contributors":null,"lang":"en","user":{"utc_offset":null,"friends_count":555,"profile_image_url_https":"https://pbs.twimg.com/profile_images/761270215988551680/FlJSTCKN_normal.jpg","listed_count":40,"profile_background_image_url":"","default_profile_image":false,"favourites_count":324,"description":"Long Live Peoples movements","created_at":"Thu Aug 04 18:25:41 +0000 2016","is_translator":false,"profile_background_image_url_https":"","protected":false,"screen_name":"jigneshmevani80","id_str":"761266874696867840","profile_link_color":"1DA1F2","id":761266874696867840,"geo_enabled":false,"profile_background_color":"F5F8FA","lang":"en","profile_sidebar_border_color":"C0DEED","profile_text_color":"333333","verified":false,"profile_image_url":"http://pbs.twimg.com/profile_images/761270215988551680/FlJSTCKN_normal.jpg","time_zone":null,"url":null,"contributors_enabled":false,"profile_background_tile":false,"profile_banner_url":"https://pbs.twimg.com/profile_banners/761266874696867840/1472580886","statuses_count":446,"follow_request_sent":null,"followers_count":8396,"profile_use_background_image":true,"default_profile":true,"following":null,"name":"Jignesh Mevani","location":"Ahmedabad","profile_sidebar_fill_color":"DDEEF6","notifications":null},"favorited":false},"retweet_count":0,"retweeted":false,"geo":null,"filter_level":"low","in_reply_to_screen_name":null,"is_quote_status":false,"id_str":"839109196327096320","in_reply_to_user_id":null,"favorite_count":0,"id":839109196327096320,"text":"RT @jigneshmevani80: #gujaratonfasttrack without Modi Ji visiting single family in which farmer has committed suicide due to agrarian crisi\u2026","place":null,"lang":"en","favorited":false,"coordinates":null,"truncated":false,"timestamp_ms":"1488894196956","entities":{"urls":[],"hashtags":[{"indices":[21,40],"text":"gujaratonfasttrack"}],"user_mentions":[{"indices":[3,19],"screen_name":"jigneshmevani80","id_str":"761266874696867840","name":"Jignesh Mevani","id":761266874696867840}],"symbols":[]},"contributors":null,"user":{"utc_offset":19800,"friends_count":224,"profile_image_url_https":"https://pbs.twimg.com/profile_images/827552448965390339/Ddenq4Is_normal.jpg","listed_count":2,"profile_background_image_url":"http://pbs.twimg.com/profile_background_images/634786603/5oaytkm3z86pico5xzv4.jpeg","default_profile_image":false,"favourites_count":137,"description":"कोई तुम्हारा साथ न दे तो निराश मत होना क्योंकि *\"परमात्मा\"* से बड़ा *\"हमसफ़र\"* कोई नहीं है..💐💐","created_at":"Tue Oct 12 10:47:12 +0000 2010","is_translator":false,"profile_background_image_url_https":"https://pbs.twimg.com/profile_background_images/634786603/5oaytkm3z86pico5xzv4.jpeg","protected":false,"screen_name":"ashokbamaniya","id_str":"201665776","profile_link_color":"FF3300","id":201665776,"geo_enabled":true,"profile_background_color":"709397","lang":"en","profile_sidebar_border_color":"FFF8AD","profile_text_color":"333333","verified":false,"profile_image_url":"http://pbs.twimg.com/profile_images/827552448965390339/Ddenq4Is_normal.jpg","time_zone":"New Delhi","url":"http://www.blogger.com/profile/03116640247026971285","contributors_enabled":false,"profile_background_tile":true,"profile_banner_url":"https://pbs.twimg.com/profile_banners/201665776/1482070455","statuses_count":905,"follow_request_sent":null,"followers_count":70,"profile_use_background_image":true,"default_profile":false,"following":null,"name":"Ashok  Bamaniya","location":"Jodhpur,Bhatinda,Rajasthan.","profile_sidebar_fill_color":"F6FFD1","notifications":null}}
{"in_reply_to_status_id_str":null,"in_reply_to_status_id":null,"created_at":"Tue Mar 07 13:43:17 +0000 2017","in_reply_to_user_id_str":null,"source":"<a href=\"http://twitter.com/download/android\" rel=\"nofollow\">Twitter for Android<\/a>","retweeted_status":{"in_reply_to_status_id_str":"839087722807451648","in_reply_to_status_id":839087722807451648,"created_at":"Tue Mar 07 12:26:06 +0000 2017","in_reply_to_user_id_str":"23405846","source":"<a href=\"http://twitter.com/download/android\" rel=\"nofollow\">Twitter for Android<\/a>","retweet_count":1,"retweeted":false,"geo":null,"filter_level":"low","in_reply_to_screen_name":"NewsX","is_quote_status":false,"id_str":"839089773364957184","in_reply_to_user_id":23405846,"favorite_count":0,"id":839089773364957184,"text":"@NewsX atankiMMSINGH ke samne ye chuha hai.atankiMmsingh Modi sarkar ka damad ban chuka hai.","place":null,"lang":"hi","favorited":false,"coordinates":null,"truncated":false,"entities":{"urls":[],"hashtags":[],"user_mentions":[{"indices":[0,6],"screen_name":"NewsX","id_str":"23405846","name":"NewsX","id":23405846}],"symbols":[]},"display_text_range":[7,92],"contributors":null,"user":{"utc_offset":null,"friends_count":1817,"profile_image_url_https":"https://pbs.twimg.com/profile_images/610802483749740544/K7lAKEU7_normal.jpg","listed_count":0,"profile_background_image_url":"http://abs.twimg.com/images/themes/theme1/bg.png","default_profile_image":false,"favourites_count":575,"description":null,"created_at":"Tue Jun 16 12:43:32 +0000 2015","is_translator":false,"profile_background_image_url_https":"https://abs.twimg.com/images/themes/theme1/bg.png","protected":false,"screen_name":"JmaNeeraj","id_str":"3246821803","profile_link_color":"1DA1F2","id":3246821803,"geo_enabled":true,"profile_background_color":"C0DEED","lang":"en","profile_sidebar_border_color":"C0DEED","profile_text_color":"333333","verified":false,"profile_image_url":"http://pbs.twimg.com/profile_images/610802483749740544/K7lAKEU7_normal.jpg","time_zone":null,"url":null,"contributors_enabled":false,"profile_background_tile":false,"statuses_count":9034,"follow_request_sent":null,"followers_count":139,"profile_use_background_image":true,"default_profile":true,"following":null,"name":"NEERAJ SINGH","location":null,"profile_sidebar_fill_color":"DDEEF6","notifications":null}},"retweet_count":0,"retweeted":false,"geo":null,"filter_level":"low","in_reply_to_screen_name":null,"is_quote_status":false,"id_str":"839109198961004544","in_reply_to_user_id":null,"favorite_count":0,"id":839109198961004544,"text":"RT @JmaNeeraj: @NewsX atankiMMSINGH ke samne ye chuha hai.atankiMmsingh Modi sarkar ka damad ban chuka hai.","place":null,"lang":"hi","favorited":false,"coordinates":null,"truncated":false,"timestamp_ms":"1488894197584","entities":{"urls":[],"hashtags":[],"user_mentions":[{"indices":[3,13],"screen_name":"JmaNeeraj","id_str":"3246821803","name":"NEERAJ SINGH","id":3246821803},{"indices":[15,21],"screen_name":"NewsX","id_str":"23405846","name":"NewsX","id":23405846}],"symbols":[]},"contributors":null,"user":{"utc_offset":null,"friends_count":1817,"profile_image_url_https":"https://pbs.twimg.com/profile_images/610802483749740544/K7lAKEU7_normal.jpg","listed_count":0,"profile_background_image_url":"http://abs.twimg.com/images/themes/theme1/bg.png","default_profile_image":false,"favourites_count":575,"description":null,"created_at":"Tue Jun 16 12:43:32 +0000 2015","is_translator":false,"profile_background_image_url_https":"https://abs.twimg.com/images/themes/theme1/bg.png","protected":false,"screen_name":"JmaNeeraj","id_str":"3246821803","profile_link_color":"1DA1F2","id":3246821803,"geo_enabled":true,"profile_background_color":"C0DEED","lang":"en","profile_sidebar_border_color":"C0DEED","profile_text_color":"333333","verified":false,"profile_image_url":"http://pbs.twimg.com/profile_images/610802483749740544/K7lAKEU7_normal.jpg","time_zone":null,"url":null,"contributors_enabled":false,"profile_background_tile":false,"statuses_count":9035,"follow_request_sent":null,"followers_count":139,"profile_use_background_image":true,"default_profile":true,"following":null,"name":"NEERAJ SINGH","location":null,"profile_sidebar_fill_color":"DDEEF6","notifications":null}}
